{
    "rouge1": 0.43781948373588836,
    "rouge2": 0.20863536576243968,
    "rougeL": 0.3479264301053321,
    "rougeLsum": 0.34775070452405654
}